
-- Tạo bảng Khách hàng
SET ANSI_NULLS ON
GO
SET QUOTED_IDENTIFIER ON
GO
CREATE TABLE [dbo].[KHACHHANG](
  [MAKH] [int] IDENTITY(1,1) NOT NULL,
  [HOKH] [nvarchar](50) NOT NULL,
  [TENKH] [nvarchar](50) NOT NULL,
  [DIACHIKH] [nvarchar](255) NOT NULL,
  [SDTKH] [varchar](20) NOT NULL,
  [EMAILKH] [varchar](50) NOT NULL,
 CONSTRAINT [PK_KHACHHANG] PRIMARY KEY NONCLUSTERED 
(
	[MAKH]  ASC
)WITH (PAD_INDEX  = OFF, STATISTICS_NORECOMPUTE  = OFF, IGNORE_DUP_KEY = OFF, ALLOW_ROW_LOCKS  = ON, ALLOW_PAGE_LOCKS  = ON) ON [PRIMARY]
) ON [PRIMARY]
GO
SET IDENTITY_INSERT [dbo].[KHACHHANG] ON
INSERT INTO [dbo].[KHACHHANG] ([MAKH], [HOKH], [TENKH], [DIACHIKH], [SDTKH], [EMAILKH])
VALUES
  (1, N'Lê', N'Trọng Phúc', N'KTX ĐH QG', '0987654321', 'ltp@gmail.com'),
  (2, N'Nguyễn', N'Mai Xuân', N'KTX ĐH Sư phạm', '0965432100', 'nmx@yahoo.com'),
  (3, N'Bá', N'Nam', N'36 Ngô Văn Năm', '0932109876', 'bn@hotmail.com'),
  (4, N'Nguyễn', N'Minh', N'123 Lê Văn Quới', '0987654320', 'nm@lazada.vn'),
  (5, N'Nguyễn', N'Duy', N'KTX ĐH Bách Khoa', '0943210987', 'nd@shopee.vn')
SET IDENTITY_INSERT [dbo].[KHACHHANG] OFF


-- Tạo bảng Đơn hàng
SET ANSI_NULLS ON
GO
SET QUOTED_IDENTIFIER ON
GO
CREATE TABLE [dbo].[DONHANGBAN] (
  [MADONBAN] [int] IDENTITY(100001,1) NOT NULL,
  [MAKH] [int] NOT NULL,
  [NGAYDAT] [datetime]  NULL,
  [NGAYGIAODK] [datetime] NULL,
  [DCGIAOHANG] [nvarchar](255)  NULL,
  [TONGSLBAN] [int]  NULL,
  [TRANGTHAI] [nvarchar](50) NULL,
  [MAGIAMGIA] [int]  NULL
 CONSTRAINT [PK_DONHANGBAN] PRIMARY KEY NONCLUSTERED 
(
	[MADONBAN]  ASC
)WITH (PAD_INDEX  = OFF, STATISTICS_NORECOMPUTE  = OFF, IGNORE_DUP_KEY = OFF, ALLOW_ROW_LOCKS  = ON, ALLOW_PAGE_LOCKS  = ON) ON [PRIMARY]
) ON [PRIMARY]
GO
SET IDENTITY_INSERT [dbo].[DONHANGBAN] ON
INSERT INTO [dbo].[DONHANGBAN] ([MADONBAN], [MAKH], [NGAYDAT], [NGAYGIAODK], [DCGIAOHANG], [TONGSLBAN], [TRANGTHAI], [MAGIAMGIA])
VALUES
  (100001, 1, '2024-07-15', '2024-07-17', N'KTX ĐH QG', 3, N'Chờ xử lý', 10),
  (100002, 2, '2024-07-16', '2024-07-18', N'36 Ngô Văn Năm', 2, N'Đang xử lý', 20),
  (100003, 3, '2024-07-20', '2024-07-21', N'KTX ĐH Bách Khoa', 1, N'Đã giao', 15),
  (100004, 4, '2024-07-25', '2024-08-01', N'Xuân Thủy, Hà Nội', 5, N'Đã hủy', NULL),
  (100005, 5, '2024-07-30', '2024-08-03', N'2/3 Nguyễn Đình Chiểu', 4, N'Chờ xử lý', 10)
SET IDENTITY_INSERT [dbo].[DONHANGBAN] OFF


-- Tạo bảng Chi tiết đơn hàng
SET ANSI_NULLS ON
GO
SET QUOTED_IDENTIFIER ON
GO
CREATE TABLE [dbo].[CHITIETDONBAN] (
  [MADONBAN] [int] NOT NULL,
  [MASACH] [int] NOT NULL,
  [TENSACH] [nvarchar](50) NOT NULL,
  [GIABAN] [decimal](18,2) NOT NULL,
  [SLBAN] [int] NOT NULL,
CONSTRAINT [PK_CHITIETDONHANG] PRIMARY KEY NONCLUSTERED 
(
	[MADONBAN],[MASACH]  ASC
)WITH (PAD_INDEX  = OFF, STATISTICS_NORECOMPUTE  = OFF, IGNORE_DUP_KEY = OFF, ALLOW_ROW_LOCKS  = ON, ALLOW_PAGE_LOCKS  = ON) ON [PRIMARY]
) ON [PRIMARY]
GO
INSERT INTO [dbo].[CHITIETDONBAN] ([MADONBAN], [MASACH], [TENSACH], [GIABAN], [SLBAN])
VALUES
  (100001, 101, N'Sách lập trình Java', 120000, 1),
  (100001, 102, N'Sách lập trình Python', 100000, 2),
  (100002, 103, N'Sách quản trị mạng Cisco', 80000, 1),
  (100002, 104, N'Sách thiết kế web HTML/CSS', 70000, 2),
  (100003, 105, N'Sách cơ sở dữ liệu SQL', 80000, 7),
  (100004, 106, N'Sách Javascript cơ bản', 60000, 3),
  (100004, 107, N'Sách Javascript nâng cao', 75000, 2),
  (100005, 108, N'Sách Wordpress', 50000, 1)



-- Tạo bảng Sách
SET ANSI_NULLS ON
GO
SET QUOTED_IDENTIFIER ON
GO
CREATE TABLE [dbo].[SACH] (
  [MASACH] [int] NOT NULL,
  [MALOAI] [int] NOT NULL,
  [TENSACH] [nvarchar](100) NULL,
  [TACGIA] [nvarchar](50) NULL,
  [GIASACH] [decimal](18,2) NULL,
  [SOTRANG] [int] NULL,
  [TONKHO] [int] NULL,
  [MOTA] [nvarchar](255)
CONSTRAINT [PK_SACH] PRIMARY KEY NONCLUSTERED 
(
	[MASACH]  ASC
)WITH (PAD_INDEX  = OFF, STATISTICS_NORECOMPUTE  = OFF, IGNORE_DUP_KEY = OFF, ALLOW_ROW_LOCKS  = ON, ALLOW_PAGE_LOCKS  = ON) ON [PRIMARY]
) ON [PRIMARY]
INSERT INTO [dbo].[SACH] ([MASACH], [MALOAI], [TENSACH], [TACGIA], [GIASACH], [SOTRANG], [TONKHO], [MOTA])
VALUES
    (101, 01, N'Sách lập trình Java', 'Herbert Schildt', 120000, 500, 10, N'Giáo trình cơ bản về lập trình Java'),
    (102, 01, N'Sách lập trình Python', 'Mark Lutz', 100000, 800, 15, N'Hướng dẫn toàn diện về lập trình Python'),
    (103, 02, N'Sách quản trị mạng Cisco', 'Andrew S. Tanenbaum', 80000, 650, 8, N'Giải thích các nguyên tắc và cấu hình mạng Cisco'),
    (104, 03, N'Sách thiết kế web HTML/CSS', 'Jon Duckett', 70000, 450, 20, N'Hướng dẫn thiết kế giao diện web với HTML và CSS'),
    (105, 03, N'Sách cơ sở dữ liệu SQL', 'C.J. Date', 80000, 700, 12, N'Giải thích các khái niệm và câu lệnh SQL'),
    (106, 01, N'Sách Javascript cơ bản', 'David Flanagan', 60000, 350, 18, N'Giới thiệu về ngôn ngữ Javascript'),
    (107, 01, N'Sách Javascript nâng cao', 'Nicholas C. Zakas', 75000, 550, 10, N'Khám phá các kỹ thuật nâng cao trong Javascript'),
    (108, 01, N'Sách Wordpress', 'Lisa Sabin-Wilson', 50000, 400, 15, N'Hướng dẫn xây dựng website với Wordpress');



-- Tạo bảng Loại sách
SET ANSI_NULLS ON
GO
SET QUOTED_IDENTIFIER ON
GO
CREATE TABLE [dbo].[LOAISACH] (
  [MALOAI] [int] NOT NULL,
  [THELOAI] [nvarchar](50) NULL
CONSTRAINT [PK_LOAISACH] PRIMARY KEY NONCLUSTERED 
(
	[MALOAI]  ASC
)WITH (PAD_INDEX  = OFF, STATISTICS_NORECOMPUTE  = OFF, IGNORE_DUP_KEY = OFF, ALLOW_ROW_LOCKS  = ON, ALLOW_PAGE_LOCKS  = ON) ON [PRIMARY]
) ON [PRIMARY]
GO
INSERT INTO [dbo].[LOAISACH] ([MALOAI], [THELOAI])
VALUES
    (01, N'Sách lập trình'),
    (02, N'Sách quản trị'),
    (03, N'Sách thiết kế ')




-- Tạo bảng Chi tiết đơn nhập
SET ANSI_NULLS ON
GO
SET QUOTED_IDENTIFIER ON
GO
CREATE TABLE [dbo].[CHITIETDONNHAP] (
  [MADONNHAP] [int] NOT NULL,
  [MASACH] [int] NOT NULL,
  [TENSACH] [nvarchar](100) NULL,
  [GIANHAP] [decimal](18,2) NULL,
  [SLNHAP] [int] NULL
CONSTRAINT [PK_CHITIETDONNHAP] PRIMARY KEY NONCLUSTERED 
(
	[MADONNHAP], [MASACH] ASC
)WITH (PAD_INDEX  = OFF, STATISTICS_NORECOMPUTE  = OFF, IGNORE_DUP_KEY = OFF, ALLOW_ROW_LOCKS  = ON, ALLOW_PAGE_LOCKS  = ON) ON [PRIMARY]
) ON [PRIMARY]
GO
INSERT INTO [dbo].[CHITIETDONNHAP] ([MADONNHAP], [MASACH], [TENSACH], [GIANHAP], [SLNHAP])
VALUES
    (100001, 101, N'Sách lập trình Java', 110000, 20),
    (100001, 102, N'Sách lập trình Python', 95000, 15),
    (100002, 103, N'Sách quản trị mạng Cisco', 75000, 10),
    (100002, 104, N'Sách thiết kế web HTML/CSS', 65000, 30),
    (100003, 105, N'Sách cơ sở dữ liệu SQL', 78000, 15),
    (100003, 106, N'Sách Javascript cơ bản', 55000, 25),
    (100004, 107, N'Sách Javascript nâng cao', 70000, 12),
    (100004, 108, N'Sách Wordpress', 48000, 20);




-- Tạo bảng Đơn nhập
SET ANSI_NULLS ON
GO
SET QUOTED_IDENTIFIER ON
GO
CREATE TABLE [dbo].[DONHANGNHAP] (
  [MADONNHAP] [int] NOT NULL,
  [MANCC] [int] NOT NULL,
  [NGAYNHAP] [datetime] NULL,
  [NGAYNHAPDK] [datetime] NULL,
  [TONGSLNHAP] [int] NULL,
  [TRANGTHAI] [nvarchar](50) NULL
CONSTRAINT [PK_DONNHAP] PRIMARY KEY NONCLUSTERED 
(
	[MADONNHAP]  ASC
)WITH (PAD_INDEX  = OFF, STATISTICS_NORECOMPUTE  = OFF, IGNORE_DUP_KEY = OFF, ALLOW_ROW_LOCKS  = ON, ALLOW_PAGE_LOCKS  = ON) ON [PRIMARY]
) ON [PRIMARY]
GO
INSERT INTO [dbo].[DONHANGNHAP] ([MADONNHAP], [MANCC], [NGAYNHAP], [NGAYNHAPDK], [TONGSLNHAP], [TRANGTHAI])
VALUES
    (100001, 001, '2024-04-01', '2024-04-03', 35, N'Đã nhập'),
    (100002, 002, '2024-05-01', '2024-05-03', 40, N'Đã nhập'),
    (100003, 003, '2024-06-01', '2024-06-03', 40, N'Đã nhập'),
    (100004, 001, '2024-07-01', '2024-07-04', 32, N'Đã nhập');



-- Tạo bảng Nhà cung cấp
SET ANSI_NULLS ON
GO
SET QUOTED_IDENTIFIER ON
GO
CREATE TABLE [dbo].[NHACUNGCAP] (
  [MANCC] [int] NOT NULL,
  [TENNCC] [nvarchar](100) NULL,
  [SDTNCC] [varchar](20) NULL
CONSTRAINT [PK_NCC] PRIMARY KEY NONCLUSTERED 
(
	[MANCC]  ASC
)WITH (PAD_INDEX  = OFF, STATISTICS_NORECOMPUTE  = OFF, IGNORE_DUP_KEY = OFF, ALLOW_ROW_LOCKS  = ON, ALLOW_PAGE_LOCKS  = ON) ON [PRIMARY]
) ON [PRIMARY]
GO
INSERT INTO [dbo].[NHACUNGCAP] ([MANCC], [TENNCC], [SDTNCC])
VALUES
    (001, N'Công ty Cổ phần Sách Việt', '0912345678'),
    (002, N'Công ty TNHH Giáo dục Thành Công', '0987654321'),
    (003, N'Công ty Phát triển Công nghệ ABC', '0123456789');



-- Tạo bảng Tài khoản
SET ANSI_NULLS ON
GO
SET QUOTED_IDENTIFIER ON
GO
CREATE TABLE [dbo].[TAIKHOAN] (
  [TENDN] [nvarchar](50) NOT NULL UNIQUE,
  [MATKHAU] [nvarchar](50) NOT NULL
CONSTRAINT [PK_TK] PRIMARY KEY NONCLUSTERED 
(
	[TENDN]  ASC
)WITH (PAD_INDEX  = OFF, STATISTICS_NORECOMPUTE  = OFF, IGNORE_DUP_KEY = OFF, ALLOW_ROW_LOCKS  = ON, ALLOW_PAGE_LOCKS  = ON) ON [PRIMARY]
) ON [PRIMARY]
GO 
INSERT INTO [dbo].[TAIKHOAN] ([TENDN], [MATKHAU])
VALUES
    ('admin', 'password123'), 
    ('user1', 'password456'),  
    ('user2', 'password789');  



-- Tạo bảng Giảm giá
SET ANSI_NULLS ON
GO
SET QUOTED_IDENTIFIER ON
GO
CREATE TABLE [dbo].[GIAMGIA] (
  [MAGIAMGIA] [int]  NOT NULL,
  [TILE] [decimal](5,2)  NULL
CONSTRAINT [PK_GIAMGIA] PRIMARY KEY NONCLUSTERED 
(
	[MAGIAMGIA]  ASC
)WITH (PAD_INDEX  = OFF, STATISTICS_NORECOMPUTE  = OFF, IGNORE_DUP_KEY = OFF, ALLOW_ROW_LOCKS  = ON, ALLOW_PAGE_LOCKS  = ON) ON [PRIMARY]
) ON [PRIMARY]
GO
INSERT INTO [dbo].[GIAMGIA] ([MAGIAMGIA], [TILE])
VALUES
    (10, 0.10),
    (15, 0.15),
    (20, 0.20); 



-- Tạo bảng Hóa đơn bán
SET ANSI_NULLS ON
GO
SET QUOTED_IDENTIFIER ON
GO
CREATE TABLE [dbo].[HOADONBAN] (
  [MAHDBAN] [int] IDENTITY(1,1) NOT NULL,
  [MADONBAN] [int] NOT NULL,
  [MANV] [int] NOT NULL,
  [NGAYXUAT] [datetime] NULL,
  [GIAMGIA] [int] NULL,
  [TONGTIENBAN] [decimal](18,2) NULL,
  [PTTHANHTOAN] [nvarchar](50) NULL
CONSTRAINT [PK_HDBAN] PRIMARY KEY NONCLUSTERED 
(
	[MAHDBAN]  ASC
)WITH (PAD_INDEX  = OFF, STATISTICS_NORECOMPUTE  = OFF, IGNORE_DUP_KEY = OFF, ALLOW_ROW_LOCKS  = ON, ALLOW_PAGE_LOCKS  = ON) ON [PRIMARY]
) ON [PRIMARY]
GO 
SET IDENTITY_INSERT [dbo].[HOADONBAN] ON
INSERT INTO [dbo].[HOADONBAN] (MAHDBAN, MADONBAN, MANV, NGAYXUAT, GIAMGIA, TONGTIENBAN, PTTHANHTOAN)
VALUES
    (1001, 100001, 1, GETDATE(), 10, 288000, N'Tiền mặt'),
    (1002, 100002, 1, GETDATE(), 20, 176000, N'Thẻ tín dụng'),
    (1003, 100003, 1, GETDATE(), 15, 448000, N'Chuyển khoản');
SET IDENTITY_INSERT [dbo].[HOADONBAN] OFF



-- Tạo bảng Hóa đơn nhập
SET ANSI_NULLS ON
GO
SET QUOTED_IDENTIFIER ON
GO
CREATE TABLE [dbo].[HOADONNHAP] (
  [MAHDNHAP] [int] NOT NULL,
  [MADONNHAP] [int] NOT NULL,
  [MANV] [int] NOT NULL,
  [NGAYXUAT] [datetime] NULL,
  [TONGTIENNHAP] [decimal](18,2) NULL,
  [PTTHANHTOAN] [nvarchar](50) NULL
CONSTRAINT [PK_HDNHAP] PRIMARY KEY NONCLUSTERED 
(
	[MAHDNHAP]  ASC
)WITH (PAD_INDEX  = OFF, STATISTICS_NORECOMPUTE  = OFF, IGNORE_DUP_KEY = OFF, ALLOW_ROW_LOCKS  = ON, ALLOW_PAGE_LOCKS  = ON) ON [PRIMARY]
) ON [PRIMARY]
GO 
INSERT INTO [dbo].[HOADONNHAP] (MAHDNHAP, MADONNHAP, MANV, NGAYXUAT, TONGTIENNHAP, PTTHANHTOAN)
VALUES
    (1001, 100001, 3, '2024-07-16', 3625000, N'Tiền mặt'),
    (1002, 100002, 3, '2024-07-20', 2700000, N'Chuyển khoản'),
    (1003, 100003, 3, '2024-07-25', 2545000, N'Thẻ tín dụng'),
	(1004, 100004, 3, '2024-07-31', 1800000, N'Chuyển khoản')


-- Tạo bảng Hóa NHÂN VIÊN
SET ANSI_NULLS ON
GO
SET QUOTED_IDENTIFIER ON
GO
CREATE TABLE [dbo].[NHANVIEN] (
  [MANV] [int] NOT NULL,
  [HONV] [nvarchar](20)  NULL,
  [TENNV] [nvarchar](50) NULL,
  [DIACHINV] [nvarchar](255) NULL,
  [SDTNV] [varchar](20) NULL,
  [VAITRO] [nvarchar](100) NULL
CONSTRAINT [PK_NHANVIEN] PRIMARY KEY NONCLUSTERED 
(
	[MANV]  ASC
)WITH (PAD_INDEX  = OFF, STATISTICS_NORECOMPUTE  = OFF, IGNORE_DUP_KEY = OFF, ALLOW_ROW_LOCKS  = ON, ALLOW_PAGE_LOCKS  = ON) ON [PRIMARY]
) ON [PRIMARY]
GO 
INSERT INTO [dbo].[NHANVIEN] (MANV, HONV, TENNV, DIACHINV, SDTNV, VAITRO)
VALUES
    (1, N'Trần', N'Văn An', N'123 đường Nguyễn Văn Linh', '0987654321', N'Nhân viên quản lý bán hàng'),
    (2, N'Lê', N'Hoàng Long', NULL, '0987654320', N'Nhân viên quản lý nhập hàng'),
	(3, N'Lưu', N'Hải Phú', N'Số 1 Việt Nam', '0931021475', N'Quản lý nhân sự')


	-- Tạo khóa ngoại cho bảng Đơn hàng
ALTER TABLE [dbo].[DONHANGBAN] WITH CHECK ADD CONSTRAINT [FK_DONHANGBAN_KHACHHANG] FOREIGN KEY([MAKH])
REFERENCES [dbo].[KHACHHANG]([MAKH])
GO
ALTER TABLE [dbo].[DONHANGBAN] CHECK CONSTRAINT [FK_DONHANGBAN_KHACHHANG]
GO

-- Tạo khóa ngoại cho bảng Chi tiết đơn bán
ALTER TABLE [dbo].[CHITIETDONBAN] WITH CHECK ADD CONSTRAINT [FK_CHITIETDONBAN_DONHANGBAN] FOREIGN KEY([MADONBAN])
REFERENCES [dbo].[DONHANGBAN]([MADONBAN])
GO
ALTER TABLE [dbo].[CHITIETDONBAN] CHECK CONSTRAINT [FK_CHITIETDONBAN_DONHANGBAN]
GO

ALTER TABLE [dbo].[CHITIETDONBAN] WITH CHECK ADD CONSTRAINT [FK_CHITIETDONBAN_SACH] FOREIGN KEY([MASACH])
REFERENCES [dbo].[SACH]([MASACH])
GO
ALTER TABLE [dbo].[CHITIETDONBAN] CHECK CONSTRAINT [FK_CHITIETDONBAN_SACH]
GO

-- Tạo khóa ngoại cho bảng Sách
ALTER TABLE [dbo].[SACH] WITH CHECK ADD CONSTRAINT [FK_SACH_LOAISACH] FOREIGN KEY([MALOAI])
REFERENCES [dbo].[LOAISACH]([MALOAI])
GO
ALTER TABLE [dbo].[SACH] CHECK CONSTRAINT [FK_SACH_LOAISACH]
GO

-- Tạo khóa ngoại cho bảng Chi tiết đơn nhập
ALTER TABLE [dbo].[CHITIETDONNHAP] WITH CHECK ADD CONSTRAINT [FK_CHITIETDONNHAP_DONHANGNHAP] FOREIGN KEY([MADONNHAP])
REFERENCES [dbo].[DONHANGNHAP]([MADONNHAP])
GO
ALTER TABLE [dbo].[CHITIETDONNHAP] CHECK CONSTRAINT [FK_CHITIETDONNHAP_DONHANGNHAP]
GO

ALTER TABLE [dbo].[CHITIETDONNHAP] WITH CHECK ADD CONSTRAINT [FK_CHITIETDONNHAP_SACH] FOREIGN KEY([MASACH])
REFERENCES [dbo].[SACH]([MASACH])
GO
ALTER TABLE [dbo].[CHITIETDONNHAP] CHECK CONSTRAINT [FK_CHITIETDONNHAP_SACH]
GO

-- Tạo khóa ngoại cho bảng Đơn nhập
ALTER TABLE [dbo].[DONHANGNHAP] WITH CHECK ADD CONSTRAINT [FK_DONHANGNHAP_NHACUNGCAP] FOREIGN KEY([MANCC])
REFERENCES [dbo].[NHACUNGCAP]([MANCC])
GO
ALTER TABLE [dbo].[DONHANGNHAP] CHECK CONSTRAINT [FK_DONHANGNHAP_NHACUNGCAP]
GO

-- Tạo khóa ngoại cho bảng Hóa đơn bán
ALTER TABLE [dbo].[HOADONBAN] WITH CHECK ADD CONSTRAINT [FK_HOADONBAN_DONHANGBAN] FOREIGN KEY([MADONBAN])
REFERENCES [dbo].[DONHANGBAN]([MADONBAN])
GO
ALTER TABLE [dbo].[HOADONBAN] CHECK CONSTRAINT [FK_HOADONBAN_DONHANGBAN]
GO

ALTER TABLE [dbo].[HOADONBAN] WITH CHECK ADD CONSTRAINT [FK_HOADONBAN_NHANVIEN] FOREIGN KEY([MANV])
REFERENCES [dbo].[NHANVIEN]([MANV])
GO
ALTER TABLE [dbo].[HOADONBAN] CHECK CONSTRAINT [FK_HOADONBAN_NHANVIEN]
GO

-- Tạo khóa ngoại cho bảng Hóa đơn nhập với bảng Đơn nhập
ALTER TABLE [dbo].[HOADONNHAP] WITH CHECK ADD CONSTRAINT [FK_HOADONNHAP_DONHANGNHAP] FOREIGN KEY([MADONNHAP])
REFERENCES [dbo].[DONHANGNHAP]([MADONNHAP])
GO
ALTER TABLE [dbo].[HOADONNHAP] CHECK CONSTRAINT [FK_HOADONNHAP_DONHANGNHAP]
GO


ALTER TABLE [dbo].[HOADONNHAP] WITH CHECK ADD CONSTRAINT [FK_HOADONNHAP_NHANVIEN] FOREIGN KEY([MANV])
REFERENCES [dbo].[NHANVIEN]([MANV])
GO
ALTER TABLE [dbo].[HOADONNHAP] CHECK CONSTRAINT [FK_HOADONNHAP_NHANVIEN]
GO

-- Tạo khóa ngoại cho bảng đơn hàng bán với bảng Giảm giá
ALTER TABLE [dbo].[DONHANGBAN] WITH CHECK ADD CONSTRAINT [FK_DONHANGBAN_GIAMGIA] FOREIGN KEY([MAGIAMGIA])
REFERENCES [dbo].[GIAMGIA]([MAGIAMGIA])
GO
ALTER TABLE [dbo].[DONHANGBAN] CHECK CONSTRAINT [FK_DONHANGBAN_GIAMGIA]
GO


